{"Train Cross Entropy": 0.3775180476382317, "train_lr": 0.01, "_timestamp": 1713248295.9568598, "_runtime": 40.57055687904358, "_step": 21, "_wandb": {"runtime": 40}}