{"Train Cross Entropy": 0.44835931168853327, "train_lr": 0.01, "_timestamp": 1713248770.6001866, "_runtime": 11.17144250869751, "_step": 9, "_wandb": {"runtime": 10}}